PassengerId,Survived,Pclass,Name,Sex,Age,SibSp,Parch,Fare,Cabin,Embarked
1,1,1,"Miss. Jones, Ethel",female,26.51706521847401,1,0,46.7228,,C
2,0,1,"Mr. Lee, Henry",male,,0,0,27.4802,,C
3,0,3,"Mr. Scott, Robert",male,19.01342692134439,0,0,10.5534,,Q
4,0,3,"Mrs. Williams, Agnes",female,,0,1,10.5571,,S
5,1,3,"Miss. White, Elizabeth",female,33.30097540255309,0,0,5.106,D59,S
6,0,3,"Mr. Lewis, James",male,31.186931460073527,0,1,8.5151,,S
7,0,2,"Miss. Taylor, Elizabeth",female,9.945048946973674,0,0,5.0,,S
8,0,3,"Mr. Jones, Harold",male,13.555142756577807,0,0,8.4492,,S
9,1,2,"Miss. Taylor, Lily",female,6.079634195715052,0,1,29.3342,D50,S
10,0,1,"Mr. Allen, John",male,53.313015521471634,0,0,44.1842,,S
11,1,3,"Miss. Thompson, Florence",female,41.06422247529183,0,2,21.3312,B7,S
12,1,3,"Miss. Smith, Ethel",female,55.42800989694192,0,0,3.8762,D6,S
13,0,3,"Miss. Scott, Annie",female,4.7811533031235385,0,0,7.076,,S
14,1,3,"Mrs. Smith, Elizabeth",female,14.780181837098786,1,0,8.4108,,S
15,0,3,"Mrs. King, Annie",female,45.44663956260456,1,0,7.0147,,S
16,1,2,"Miss. Thomas, Florence",female,11.463907058875108,0,0,39.4756,,Q
17,0,3,"Mr. Young, Walter",male,14.587887410812483,0,2,12.053,,Q
18,0,2,"Mr. Young, James",male,38.71522329618455,0,0,13.1762,,S
19,0,3,"Mr. Thompson, Frederick",male,11.730912827668007,3,0,8.5227,,S
20,1,1,"Mr. Thomas, Frank",male,48.95029559275435,1,0,27.2566,,S
21,0,2,"Mr. Thomas, George",male,12.38063060649083,1,0,8.3252,,S
22,0,3,"Mr. Clark, Edward",male,22.58190735246486,1,1,6.9361,,Q
23,0,1,"Mr. King, William",male,41.586913283533306,0,0,38.9929,,S
24,0,3,"Mr. Scott, William",male,30.60861935501082,0,0,3.0,,C
25,0,3,"Mr. Scott, Frederick",male,,1,0,10.1559,,S
26,0,3,"Mr. Wilson, William",male,43.72294675548275,1,0,15.406,,C
27,1,3,"Mr. Thomas, Henry",male,64.76202548021689,0,0,4.293,E31,S
28,1,3,"Mrs. Johnson, Rose",female,37.69291380874134,1,0,4.1671,,S
29,0,2,"Mr. Brown, Robert",male,,0,0,30.0713,D22,S
30,1,2,"Mr. Brown, Frederick",male,50.029625729542126,3,0,20.7797,,C
31,0,3,"Mr. Scott, John",male,31.654074508796906,0,0,5.9716,E14,S
32,1,3,"Mrs. Harris, Mary",female,23.627168942129167,0,0,23.0303,,S
33,0,3,"Mr. Lewis, Walter",male,42.82333677763715,0,0,15.6379,,S
34,0,3,"Mr. Jones, Harold",male,6.521278217465106,0,2,17.3135,,Q
35,0,3,"Mr. Thomas, Thomas",male,,0,2,5.1315,E12,Q
36,0,2,"Mr. Scott, George",male,55.09003586379584,0,0,5.0,,S
37,0,3,"Mr. Scott, Frederick",male,19.47807445037899,0,0,3.0,,C
38,0,3,"Mr. Evans, James",male,,4,1,10.1029,B6,S
39,0,3,"Mr. Davies, William",male,30.91540300222674,0,0,4.2039,,S
40,1,1,"Mr. Scott, James",male,52.75496522312529,1,0,5.0,,S
41,1,1,"Mr. Scott, Robert",male,35.63302817113868,0,1,5.0,,C
42,0,3,"Mr. Robinson, Harold",male,22.11159775988315,0,2,3.0,,C
43,1,1,"Mr. Taylor, John",male,23.401949986434868,0,0,90.6251,,S
44,1,1,"Mrs. White, Florence",female,,1,1,60.7765,,S
45,0,2,"Mr. Harris, Arthur",male,33.59869289236928,0,0,45.0902,,C
46,0,3,"Mr. Young, Frank",male,,1,0,28.7034,,S
47,0,2,"Mr. Walker, Arthur",male,30.302411535053256,0,1,73.0,,S
48,0,3,"Mr. Lewis, Frank",male,30.72628514563361,0,0,6.7169,,S
49,1,1,"Mrs. Hall, Annie",female,,0,1,49.0536,,S
50,0,3,"Miss. Smith, Annie",female,,0,0,3.0,,S
51,1,3,"Mrs. Walker, Mary",female,27.478150426465085,0,1,6.1107,B3,Q
52,1,2,"Miss. Davies, Annie",female,65.2543545202191,0,0,5.0,,S
53,1,3,"Miss. Davies, Alice",female,40.651774469320024,0,0,3.0,B46,S
54,1,2,"Miss. Martin, Ethel",female,,0,0,9.805,,S
55,1,1,"Miss. Williams, Lily",female,,0,1,152.7375,,C
56,0,2,"Mr. Davies, Charles",male,22.227907620113545,0,0,46.969,,S
57,0,2,"Mr. Brown, Frank",male,,0,0,27.7014,,C
58,1,2,"Miss. Johnson, Edith",female,23.183826846064143,0,3,27.8027,,S
59,1,2,"Miss. Martin, Helen",female,33.45253459627125,1,1,10.2934,D22,S
60,0,3,"Mr. Lewis, Edward",male,,0,0,19.0798,,C
61,0,3,"Mr. Robinson, Walter",male,34.13224423141891,0,0,3.3493,,C
62,1,2,"Miss. Hall, Ellen",female,5.732546294944196,0,0,11.7803,A9,C
63,0,2,"Mrs. Jones, Edith",female,23.72676035657925,0,0,46.5185,,S
64,0,3,"Mr. Clark, Arthur",male,11.685870665277111,0,2,5.1271,,S
65,0,1,"Mr. Harris, John",male,36.13567934827208,0,0,16.051,A2,S
66,0,3,"Mr. Johnson, Frederick",male,26.936965710723705,3,1,6.8969,,S
67,0,3,"Mr. Thompson, Frank",male,42.71279328736676,0,2,10.467,,Q
68,0,3,"Mr. Harris, Edward",male,1.0,2,0,3.0,,S
69,0,1,"Mr. Thomas, Frank",male,,0,0,16.3303,,C
70,0,1,"Mr. Harris, Frederick",male,74.0,0,0,168.9252,,C
71,1,3,"Miss. Brown, Dorothy",female,41.37960797548294,0,0,5.5173,,C
72,0,3,"Mr. Brown, Albert",male,48.06467980138549,1,0,13.0419,D25,S
73,0,3,"Mr. Brown, George",male,18.985399776495456,0,0,3.0,,C
74,0,2,"Mr. Clark, James",male,35.42314252597477,2,2,9.6825,,S
75,1,3,"Miss. Lewis, Rose",female,3.6676431957437217,0,0,7.165,,S
76,1,3,"Miss. Jones, Ethel",female,51.0026220499293,0,1,16.6913,B36,Q
77,0,1,"Mr. Harris, Frederick",male,47.74772756751794,0,0,6.9417,,S
78,0,1,"Mr. King, Thomas",male,28.03221766022889,2,0,9.7185,,S
79,1,1,"Mr. Walker, Frank",male,14.54184647407104,1,0,20.0013,,S
80,0,3,"Mr. Scott, Thomas",male,36.85894642616697,0,0,3.9063,,S
81,0,3,"Mr. White, Henry",male,,0,1,24.1435,,S
82,0,3,"Mrs. Wilson, Annie",female,27.913142024558546,0,4,13.2714,,S
83,1,1,"Miss. Evans, Alice",female,19.68608232022322,1,0,53.639,A2,S
84,0,1,"Miss. King, Lily",female,7.118803816280241,1,0,76.7387,,S
85,0,3,"Mr. Young, Henry",male,,0,0,7.3988,,S
86,0,3,"Mr. Wilson, Walter",male,59.43891969282085,1,0,6.2089,E14,S
87,0,2,"Mr. Davies, Charles",male,1.0,1,2,9.9034,,S
88,1,1,"Mr. Evans, Robert",male,5.124940103514639,0,0,154.9638,D24,S
89,0,3,"Mr. Thompson, Albert",male,33.966802897200274,0,0,3.8966,,S
90,1,1,"Mr. Hall, Albert",male,33.624343348339664,0,0,70.1358,,S
91,1,2,"Miss. Thomas, Helen",female,12.802267646506323,0,0,18.3367,,S
92,0,3,"Mr. Lewis, Frederick",male,,0,0,4.442,,Q
93,0,1,"Mr. Thomas, Frederick",male,49.267979631645005,0,0,17.6362,,C
94,1,1,"Miss. Martin, Ethel",female,25.222703982059947,1,3,5.0,,S
95,1,1,"Mrs. Hall, Dorothy",female,,0,0,7.2499,,Q
96,0,3,"Mrs. Walker, Ethel",female,33.76746023412063,1,0,3.0,,S
97,1,2,"Mr. Smith, Walter",male,25.299717679152305,2,0,5.0632,,C
98,0,3,"Mr. Lewis, Albert",male,21.329777304842676,0,0,3.8201,,C
99,1,1,"Mrs. King, Ellen",female,52.94645006025096,1,1,91.1745,,S
100,1,1,"Mr. Thomas, Edward",male,,1,0,122.8911,,Q
101,0,3,"Mr. Martin, George",male,12.374499428338755,0,1,3.0,,S
102,1,3,"Miss. Smith, Elizabeth",female,38.66477755113431,1,0,3.0,B7,S
103,0,3,"Mr. White, Charles",male,33.896134367575335,0,0,3.0,,C
104,0,1,"Miss. Harris, Ellen",female,,1,1,45.1726,,S
105,0,3,"Mr. Robinson, Henry",male,26.178519486296917,0,0,3.0,,S
106,0,2,"Mr. Smith, Walter",male,7.605449482795272,1,1,25.2723,,Q
107,1,2,"Mrs. Johnson, Margaret",female,5.032892091247923,0,0,44.2585,C26,S
108,0,2,"Mr. Williams, William",male,33.13347101069216,0,0,11.6687,,S
109,0,3,"Mr. King, Albert",male,14.188097326958093,1,0,3.0,C10,S
110,1,2,"Mr. Lewis, Robert",male,,1,1,20.0455,,S
111,0,3,"Mr. Thompson, Thomas",male,27.881988073635085,0,4,14.2561,,S
112,0,3,"Mr. Young, John",male,,1,1,10.4614,,S
113,0,3,"Mr. Scott, John",male,41.553916932681744,0,0,4.017,,S
114,0,3,"Mrs. Thompson, Ada",female,52.56316925613142,0,0,3.0,,S
115,1,2,"Mr. Robinson, Henry",male,,0,0,5.0,,S
116,0,3,"Mr. White, William",male,1.0,0,0,3.0,,S
117,0,1,"Mr. Taylor, Edward",male,40.28672917374519,0,0,111.9846,E32,C
118,0,3,"Mr. Clark, Albert",male,40.18042274962569,0,0,30.6989,,S
119,0,1,"Mr. Evans, Thomas",male,49.1126826930643,0,0,118.3503,,S
120,0,3,"Mr. Young, Arthur",male,43.72025576474222,2,0,3.0,,Q
121,0,3,"Mr. Hall, Arthur",male,,0,0,3.0,,S
122,1,1,"Mr. Williams, Henry",male,27.64349804181527,1,0,11.6315,,C
123,0,1,"Mr. Wilson, Frank",male,20.62706810805149,0,1,18.065,A32,C
124,0,3,"Mr. King, Frederick",male,50.364985574893396,0,0,8.1233,,S
125,0,1,"Mr. Allen, James",male,22.921387117897307,0,1,5.0,,S
126,1,1,"Miss. Johnson, Helen",female,29.23259789392867,0,0,28.1013,B26,C
127,0,2,"Miss. Martin, Elizabeth",female,,0,0,16.6445,,S
128,1,1,"Mr. Davies, John",male,25.02649916464069,0,0,5.4035,B51,C
129,0,3,"Mr. Wilson, Albert",male,24.043981162682492,0,1,3.0,,S
130,0,3,"Mr. Allen, Thomas",male,,0,0,35.0,,S
131,0,2,"Mr. Allen, Albert",male,30.310994149655215,0,0,33.7513,,S
132,0,3,"Mr. Clark, Robert",male,35.2537273302552,1,0,3.0,,S
133,0,3,"Mr. Thompson, James",male,26.554448054889008,1,0,3.5782,,S
134,1,3,"Miss. Clark, Florence",female,30.43651834643036,2,0,10.1867,,S
135,1,3,"Mrs. Brown, Ellen",female,47.29782579772275,1,0,8.5017,,S
136,0,1,"Mr. Harris, Frederick",male,17.276898925596022,0,0,38.3016,B35,S
137,0,3,"Mr. Scott, William",male,29.920463374507428,0,0,5.5144,A40,C
138,1,2,"Miss. Walker, Ada",female,,1,2,5.0,,S
139,0,3,"Mr. Jones, William",male,,1,0,5.2113,,S
140,1,3,"Miss. Robinson, Annie",female,44.778682321653335,1,0,10.3156,,S
141,0,3,"Mrs. Robinson, Lily",female,54.68755349979014,4,0,3.0,,S
142,1,3,"Mrs. Wilson, Rose",female,44.78925955436991,1,0,10.7688,C7,S
143,1,3,"Mr. Martin, Henry",male,,0,0,4.877,B42,S
144,0,3,"Miss. Scott, Agnes",female,30.99667024981462,1,0,3.0,,S
145,0,2,"Mr. Hall, Arthur",male,,1,2,6.1502,,S
146,0,3,"Mr. Williams, George",male,2.604206781875792,0,0,4.2164,,C
147,0,3,"Mr. Brown, James",male,43.437489425390034,0,0,13.7716,,S
148,1,3,"Mrs. Smith, Elizabeth",female,30.195373920976376,1,0,15.9089,D45,S
149,0,3,"Mr. Evans, Albert",male,,0,1,3.0,,S
150,0,3,"Mrs. Clark, Ada",female,16.76918055105733,0,0,17.7387,,S
151,1,3,"Mr. Jones, Harold",male,23.650874049100718,1,0,3.0,,S
152,1,3,"Mrs. Lee, Margaret",female,41.37629694878393,0,0,3.0,,Q
153,0,3,"Mr. Thomas, Henry",male,30.727480550742676,1,0,17.0062,,C
154,0,2,"Miss. Martin, Ethel",female,30.249871188117304,1,0,8.672,,S
155,0,3,"Mr. Evans, Thomas",male,21.76367345204601,0,0,4.5485,,S
156,1,1,"Mrs. Jones, Elizabeth",female,24.022621212178727,0,0,5.2661,,S
157,0,2,"Mrs. Thompson, Dorothy",female,24.64518755706645,0,0,61.8902,,S
158,0,2,"Mr. Wilson, James",male,,1,0,8.8831,,C
159,0,3,"Mrs. Smith, Edith",female,12.73633907685755,4,0,3.0,,S
160,0,3,"Mr. Lee, Arthur",male,14.69113695865282,0,2,16.4092,E45,S
161,1,2,"Miss. Young, Margaret",female,,0,0,27.3499,,S
162,1,1,"Mrs. Thompson, Elizabeth",female,20.16421861237115,0,0,5.0,,S
163,0,3,"Mr. Lee, Edward",male,25.29528848296209,1,0,17.5202,B41,S
164,0,3,"Mr. Martin, James",male,32.74698900501672,1,0,7.5262,,S
165,1,3,"Miss. Walker, Helen",female,29.870564384817655,1,0,6.4914,B52,S
166,1,3,"Mrs. Brown, Rose",female,42.15415857047981,0,0,3.0,,C
167,1,1,"Mr. Evans, James",male,27.2035407526113,0,0,5.0,,Q
168,1,3,"Miss. Lee, Alice",female,41.93708892524678,1,1,12.689,,S
169,1,3,"Mr. Clark, Walter",male,9.46608360088706,0,2,6.876,,S
170,1,1,"Mrs. Martin, Margaret",female,34.63444609874704,0,0,15.2539,,S
171,1,3,"Mrs. Thomas, Margaret",female,,1,0,15.6094,,S
172,1,3,"Mr. Evans, George",male,35.94670686211394,0,0,21.027,,C
173,0,3,"Mr. Davies, Charles",male,41.38436006002328,3,0,8.4975,,S
174,0,2,"Mr. Thomas, James",male,71.74460912275879,0,1,59.9323,,C
175,0,2,"Mr. Jones, Henry",male,47.0864571908469,0,0,13.8672,,S
176,0,3,"Mr. Young, Harold",male,,0,0,27.9869,,S
177,1,3,"Miss. Walker, Alice",female,55.134656309664976,0,0,3.0,D11,C
178,0,2,"Mr. King, Edward",male,31.457891483175636,1,1,14.0058,A35,C
179,1,2,"Mr. White, George",male,27.400913133496562,0,0,5.0,,C
180,0,3,"Mr. White, John",male,15.86778570262146,0,0,20.2565,,S
181,1,2,"Miss. Scott, Ada",female,40.98988653761546,2,4,5.0,,S
182,1,1,"Mr. Robinson, Charles",male,45.65751927447462,0,0,5.0,,S
183,1,3,"Miss. Allen, Lily",female,34.647068493562145,0,1,5.9512,,S
184,1,1,"Mrs. Allen, Agnes",female,22.325142771226755,0,2,7.2871,,S
185,1,2,"Mr. Scott, John",male,7.105875654223805,1,0,23.1344,C41,S
186,0,1,"Mr. Wilson, Albert",male,25.76874506319222,0,1,84.9992,,Q
187,0,3,"Mr. Thompson, Robert",male,,1,0,35.0,,S
188,0,3,"Mr. Lee, Robert",male,12.638343906818307,0,0,3.0,,C
189,1,2,"Miss. Wilson, Mary",female,41.70639847288472,0,0,8.1137,B10,S
190,1,3,"Miss. Allen, Ada",female,47.03930480931953,0,3,8.6698,,S
191,1,2,"Miss. Young, Agnes",female,42.662131998505856,0,1,5.0,,C
192,0,3,"Mr. White, Walter",male,9.779745828321712,1,0,3.9403,,S
193,0,3,"Mr. Lewis, George",male,49.12016289349117,0,1,4.833,,C
194,0,3,"Mr. Lee, Thomas",male,29.04255313734951,0,0,22.3834,,C
195,1,1,"Miss. Martin, Mary",female,37.11731929090233,0,2,110.2118,,Q
196,0,2,"Mr. Williams, John",male,45.157273691447834,0,0,5.0,,S
197,0,3,"Mrs. Young, Edith",female,37.41812876110546,0,0,3.0,,S
198,0,3,"Mr. Smith, Charles",male,32.63996456959732,0,0,16.8502,,C
199,1,2,"Miss. Hall, Rose",female,,0,0,18.3793,,S
200,0,2,"Mr. Harris, Frank",male,,1,1,14.1805,,S
201,0,3,"Mr. Davies, James",male,2.593915680017659,0,1,3.0,,Q
202,1,3,"Miss. Allen, Ellen",female,46.42731699891484,0,0,3.0,,S
203,1,1,"Mr. Martin, Frederick",male,53.253926531772095,0,0,5.0,,S
204,0,3,"Mr. King, Walter",male,24.499646652303884,0,0,23.6799,,S
205,1,3,"Miss. Brown, Ellen",female,25.56445883119036,1,0,10.7313,,S
206,0,3,"Mr. Robinson, Harold",male,13.62432652569808,0,0,3.2182,,S
207,0,3,"Mr. Hall, Frederick",male,16.37790923640896,0,0,21.9196,D17,C
208,0,3,"Mr. Lee, James",male,32.64848266471842,0,2,3.1713,,S
209,0,3,"Mr. Allen, Thomas",male,38.79407080467843,0,0,5.125,,S
210,0,3,"Mr. Martin, Albert",male,36.043056955204484,1,0,8.806,,S
211,0,3,"Mrs. Thompson, Florence",female,19.113062143112465,0,0,25.8427,,S
212,0,3,"Mr. Jones, Walter",male,,0,0,5.237,E4,C
213,0,3,"Mr. Scott, Walter",male,,1,0,3.0,,S
214,1,3,"Miss. Clark, Ellen",female,43.57375432490295,0,1,18.6674,,S
215,0,3,"Miss. Robinson, Mary",female,21.23677936474055,0,0,8.6628,,S
216,0,3,"Miss. Lewis, Dorothy",female,15.418640819476376,4,0,8.9676,,S
217,0,3,"Mr. Harris, Charles",male,,0,0,3.0,,S
218,0,3,"Mrs. Robinson, Ada",female,16.73085597834241,0,0,21.4666,B33,S
219,0,3,"Mr. Scott, Arthur",male,,0,0,14.0512,,S
220,0,3,"Mr. Scott, Frederick",male,,1,0,3.8766,,Q
221,0,1,"Mr. Allen, Harold",male,,3,1,97.2538,,S
222,1,3,"Mr. Williams, Arthur",male,23.36658553505266,0,0,12.9137,,S
223,0,3,"Mr. Clark, Robert",male,17.831629274003497,0,0,14.4316,A20,S
224,0,3,"Mr. Taylor, Frank",male,45.609267942067746,0,0,10.5181,B5,C
225,0,3,"Mr. Thomas, William",male,18.512382563656516,5,0,3.0,,S
226,0,3,"Mr. Hall, Thomas",male,33.22624322486103,1,0,3.0,,S
227,0,3,"Mr. Evans, John",male,,1,3,3.0,,Q
228,0,1,"Mr. Thomas, Charles",male,37.83268081378758,1,0,24.0259,,C
229,0,3,"Mr. Harris, Frank",male,10.712205552561393,0,0,3.0,,S
230,0,3,"Miss. Walker, Edith",female,4.360043356818753,1,1,3.0,E57,S
231,0,1,"Mr. Taylor, William",male,42.82638039998273,0,1,42.5269,,S
232,1,1,"Mr. Thompson, James",male,,0,0,30.014,,S
233,0,1,"Mr. Allen, Frederick",male,,0,0,20.0142,,S
234,0,1,"Mr. Robinson, Frederick",male,30.601146805205282,1,0,26.0855,A52,Q
235,1,3,"Miss. Brown, Edith",female,35.53824600317398,2,3,8.3941,,S
236,0,2,"Mr. Hall, Harold",male,,0,0,5.0,D49,S
237,0,3,"Mr. Scott, Charles",male,30.130714649622206,0,0,3.0,,S
238,1,3,"Miss. Lewis, Florence",female,,0,0,3.0,,S
239,0,3,"Mr. Walker, Frederick",male,33.49166192063273,0,0,3.0,E57,S
240,1,3,"Miss. Young, Florence",female,19.504714304144578,0,0,3.0,A50,S
241,0,3,"Mr. King, Albert",male,,0,0,23.747,,S
242,0,3,"Mr. Martin, John",male,,2,0,3.6974,,S
243,0,3,"Mrs. Walker, Elizabeth",female,33.98719067741686,0,1,16.0759,,S
244,0,1,"Mr. Allen, James",male,27.31988220442044,1,0,49.4817,A32,S
245,1,2,"Mr. Jones, Arthur",male,50.78466343203574,0,1,73.0,,S
246,1,3,"Miss. Lee, Ethel",female,41.79737014309685,0,0,9.4001,,S
247,0,3,"Miss. Taylor, Annie",female,37.48750310383502,0,0,5.889,,S
248,0,3,"Mr. Allen, James",male,29.676955430858673,0,3,5.3328,,S
249,1,3,"Miss. Taylor, Florence",female,,0,0,18.4987,,C
250,1,2,"Miss. Martin, Helen",female,24.435566289708436,0,0,22.3163,,S
251,0,3,"Mr. Scott, Charles",male,8.163754767446061,0,0,11.7699,C53,S
252,0,1,"Mr. Harris, Frederick",male,26.434353369621846,0,1,5.0,,S
253,1,1,"Miss. Hall, Mary",female,31.419661929527635,0,0,5.0,C25,S
254,0,3,"Miss. Walker, Alice",female,33.2242502910432,0,0,3.0,C20,S
255,1,3,"Miss. Wilson, Florence",female,43.69569067649105,0,2,3.0,,S
256,0,2,"Mr. Young, Edward",male,,0,0,5.0,,Q
257,1,1,"Mrs. Harris, Alice",female,13.300896285636153,0,3,33.0502,,C
258,0,2,"Mr. Davies, Robert",male,9.652979541418919,2,0,5.0,,S
259,0,3,"Mrs. Jones, Rose",female,27.92489615968821,1,1,3.0,,S
260,1,2,"Mr. Allen, Charles",male,,0,0,5.0,,S
261,1,3,"Mr. Martin, Thomas",male,45.71892294553244,0,4,3.0,E46,S
262,1,1,"Mr. Lewis, Frederick",male,24.076873130909956,1,0,36.5327,,Q
263,0,1,"Mrs. Walker, Margaret",female,,1,0,5.0,,S
264,1,1,"Mrs. Allen, Mary",female,42.26900455989242,3,2,16.364,C1,S
265,0,2,"Miss. Evans, Annie",female,40.00228384412608,1,0,18.0506,,Q
266,1,1,"Mrs. Martin, Florence",female,,0,0,24.9583,,S
267,1,1,"Mrs. White, Annie",female,40.76955399929291,2,0,78.3044,,S
268,0,2,"Mr. Thomas, James",male,26.575159638998823,0,1,15.6968,E20,S
269,0,1,"Mr. Wilson, William",male,23.88020434179044,0,4,15.3098,,S
270,0,3,"Mr. Davies, John",male,,0,0,3.0,,S
271,0,3,"Mr. Johnson, Frederick",male,27.468207198077977,1,2,3.0,,S
272,1,1,"Mr. Hall, John",male,24.16276872002461,1,0,83.0258,,S
273,0,3,"Mr. King, Robert",male,43.66567039117258,0,1,3.0,,S
274,0,3,"Mr. Allen, Charles",male,8.732130515205949,1,0,3.1009,,S
275,0,3,"Mr. Jones, Arthur",male,29.91939562817367,0,0,3.0,,S
276,1,2,"Miss. Thomas, Lily",female,25.907725449678274,1,0,25.7485,A40,S
277,0,3,"Mr. Lee, Henry",male,29.40176331988843,1,0,10.4304,,C
278,1,2,"Miss. Thomas, Alice",female,,1,1,8.5379,A4,S
279,1,3,"Mrs. Thompson, Agnes",female,35.73787352744479,2,0,3.0,,S
280,1,1,"Mr. Walker, Thomas",male,35.834037830993516,1,0,5.0,,C
281,0,3,"Mr. Thompson, Thomas",male,,1,0,3.0,,S
282,0,2,"Mrs. Robinson, Ellen",female,,0,0,12.242,,S
283,0,3,"Mr. Allen, Harold",male,36.00229199965125,1,0,7.8194,,S
284,0,1,"Miss. Thomas, Dorothy",female,18.673207564657275,0,0,39.261,,S
285,0,3,"Miss. Clark, Edith",female,1.516798471506661,0,0,35.0,,S
286,0,3,"Mr. Lewis, William",male,27.12473476344484,0,0,15.7512,,S
287,1,3,"Miss. Thomas, Edith",female,,0,2,3.6549,,S
288,0,2,"Mr. Evans, William",male,,1,0,6.0314,E12,C
289,0,1,"Mr. Jones, John",male,16.514547948136535,1,0,55.3283,,Q
290,0,3,"Mr. Allen, Arthur",male,19.591146654736683,0,0,3.0,,C
291,0,2,"Mr. Lewis, George",male,48.17191534601283,5,0,5.0,,S
292,1,1,"Miss. Jones, Rose",female,,0,0,40.6517,B1,C
293,0,3,"Mr. White, Arthur",male,15.157386039627102,0,0,9.9925,B57,S
294,1,1,"Miss. Allen, Ethel",female,44.84099319256134,1,0,11.2568,,S
295,1,1,"Mr. Smith, Robert",male,21.88743582002232,0,0,153.6307,,S
296,1,3,"Miss. Walker, Ada",female,,0,0,3.3095,,S
297,0,3,"Mr. Young, William",male,,0,0,3.0,,S
298,0,3,"Mr. Johnson, Harold",male,17.76024215530348,1,0,3.609,,C
299,1,1,"Mrs. Hall, Ethel",female,40.3889917837169,0,0,21.8493,,S
300,1,1,"Mr. Davies, Henry",male,7.018440374904724,0,2,107.1737,D49,S
301,0,3,"Mr. Young, Frederick",male,12.652424349685983,0,0,32.1609,,C
302,1,3,"Miss. Harris, Margaret",female,36.681850577989174,1,0,3.0,,S
303,0,2,"Mr. Johnson, Thomas",male,41.320718741415234,0,0,5.0,,C
304,0,1,"Mr. Young, Henry",male,33.76251218284966,5,0,15.3832,,S
305,0,3,"Mr. King, William",male,21.92338047255464,1,0,3.9653,,S
306,0,1,"Mr. Williams, John",male,21.646451207340203,1,1,55.1628,,C
307,0,3,"Mr. Brown, Albert",male,17.496011449566875,1,0,13.1801,,C
308,0,3,"Mr. Young, John",male,,0,1,3.0,,S
309,0,3,"Mrs. Jones, Mary",female,25.28925767792128,0,0,3.3056,,S
310,0,3,"Mr. Evans, Arthur",male,39.573626267065315,0,1,3.978,,S
311,1,2,"Miss. King, Dorothy",female,22.16515289586793,0,0,5.0,D44,S
312,0,3,"Mr. King, Arthur",male,32.882897111888354,1,2,4.8568,,C
313,0,3,"Mr. White, Albert",male,,0,0,31.449,,C
314,0,3,"Miss. Thompson, Annie",female,21.722114611969495,1,0,13.5314,,S
315,1,2,"Miss. Brown, Alice",female,53.641634196317455,0,0,6.2785,,S
316,0,1,"Mr. Clark, John",male,27.90686920153567,1,0,6.584,,S
317,0,2,"Mr. Evans, John",male,17.89043846384581,0,0,10.1479,,S
318,0,3,"Mr. Johnson, William",male,9.93110522876874,3,0,11.4913,,S
319,0,2,"Mr. Scott, Harold",male,26.060942517990192,0,0,5.0,,S
320,0,3,"Mr. Johnson, John",male,38.71168882365867,0,0,11.3639,,S
321,1,1,"Mr. White, John",male,,0,1,12.0356,,S
322,0,2,"Mr. Young, Henry",male,20.895086106400306,1,1,7.5905,,Q
323,1,1,"Miss. Jones, Mary",female,14.893695838696491,0,0,13.2475,,S
324,1,2,"Mrs. King, Mary",female,,0,0,5.0,,Q
325,0,2,"Mr. Williams, John",male,39.56633715057161,0,0,14.9863,E47,S
326,1,1,"Mr. Walker, Robert",male,56.43997030932831,0,0,35.79,,S
327,1,1,"Mrs. Wilson, Dorothy",female,28.52668685422311,0,1,65.909,,Q
328,0,3,"Mr. Robinson, Robert",male,,1,3,20.7166,,S
329,1,3,"Miss. Lee, Florence",female,39.508387343052476,1,0,12.974,E19,C
330,0,3,"Mr. Martin, Thomas",male,26.295981894992334,1,1,4.1882,,S
331,0,3,"Mr. Taylor, Walter",male,28.601547655018045,2,0,3.0,,S
332,1,1,"Miss. Davies, Edith",female,12.95438366157147,0,0,9.2785,,S
333,1,3,"Mr. Brown, Edward",male,29.320489899105294,1,0,3.0,E58,C
334,0,1,"Mr. Davies, Walter",male,48.60363790795521,0,0,13.4309,E27,S
335,0,1,"Mr. Taylor, Harold",male,43.45372134416333,0,3,23.7196,,S
336,0,3,"Mr. Jones, Frank",male,22.65085081291542,2,0,3.0,,S
337,0,3,"Mr. Jones, John",male,2.9915216327866503,0,0,30.3361,,C
338,1,1,"Mr. Jones, Walter",male,21.29763371195829,0,0,77.612,,S
339,0,3,"Mr. Lewis, Albert",male,28.050964496877125,0,3,3.0,,C
340,1,2,"Mr. Walker, Walter",male,20.398425844859535,1,2,17.9544,D8,S
341,0,3,"Miss. White, Edith",female,43.95060025588628,0,0,30.2825,,C
342,0,3,"Mrs. Johnson, Ada",female,30.356029341475327,0,0,3.0,,S
343,1,1,"Miss. Robinson, Rose",female,40.207999495237296,0,0,62.191,A56,S
344,0,3,"Mrs. Williams, Mary",female,57.39424771133111,1,0,3.0,,Q
345,0,2,"Mr. Allen, Walter",male,37.69888723751585,0,0,7.3491,A33,S
346,1,2,"Mrs. Lee, Florence",female,41.599641579009365,0,0,59.6524,E38,S
347,0,3,"Mr. Thomas, William",male,32.064148408517134,0,0,3.0,,S
348,0,3,"Mrs. Taylor, Edith",female,36.20562202837449,1,0,19.377,,C
349,0,2,"Mrs. Hall, Ada",female,19.10943576368506,0,0,14.1856,,S
350,0,3,"Mr. Johnson, George",male,24.238269241514985,0,0,22.1873,C14,Q
351,1,3,"Miss. Wilson, Alice",female,36.84282210346549,0,1,20.432,,C
352,0,3,"Miss. Martin, Ellen",female,22.79989616042114,0,0,8.1076,,S
353,0,3,"Mr. King, Robert",male,31.444431160844555,1,0,28.9137,,C
354,0,3,"Mr. Johnson, William",male,36.19021582650624,0,0,4.4046,,S
355,1,3,"Miss. Williams, Ada",female,1.0,1,1,4.4151,,S
356,0,3,"Mr. Brown, John",male,31.55494929373928,1,1,3.0,,C
357,0,3,"Mr. Clark, Harold",male,43.73450794751341,0,1,8.754,,S
358,0,3,"Mr. White, Thomas",male,40.755246318379875,0,1,24.0605,,C
359,1,3,"Miss. Johnson, Mary",female,,1,0,5.9419,,S
360,0,3,"Mr. Jones, Charles",male,16.339131503756803,0,0,4.7996,,S
361,1,1,"Mr. Lee, George",male,34.64905807548717,0,0,5.0,,C
362,0,3,"Mr. Young, Robert",male,18.83083150027487,1,0,20.1996,,S
363,0,2,"Mr. Martin, Harold",male,,0,0,11.4997,,S
364,0,3,"Mr. Martin, Harold",male,28.05797099156982,0,0,4.6916,C11,S
365,1,1,"Mr. Martin, Harold",male,35.951367732773775,0,2,5.0,,S
366,0,1,"Mr. Wilson, Frederick",male,36.38793697266013,3,0,60.2825,,S
367,0,3,"Miss. Allen, Dorothy",female,48.503488357801515,0,0,3.0687,E29,S
368,0,3,"Mr. Walker, Thomas",male,,1,0,11.7077,,S
369,0,3,"Mr. Clark, Harold",male,19.08157264515968,1,0,3.0,,S
370,0,3,"Mr. Jones, Henry",male,37.010815956585006,0,0,10.906,,S
371,0,3,"Mr. Martin, Charles",male,27.828762469039653,0,0,3.0,A7,S
372,0,3,"Mrs. King, Alice",female,32.291596096197345,1,0,5.8616,,S
373,0,3,"Mrs. Hall, Alice",female,32.557947114162225,1,0,24.2183,,S
374,1,1,"Mrs. Young, Agnes",female,,0,0,34.2361,,S
375,1,2,"Mr. Williams, James",male,19.37970973916666,1,0,34.0321,,S
376,1,2,"Mrs. Williams, Margaret",female,21.710804222527948,0,1,42.0557,,S
377,1,1,"Mr. Wilson, Harold",male,45.95246829220702,0,3,6.1544,,Q
378,1,3,"Miss. Lewis, Alice",female,26.570683713197223,0,0,3.0,,Q
379,1,3,"Mr. Martin, Harold",male,41.10454784963481,0,0,34.6232,,S
380,0,1,"Mr. Martin, Frederick",male,,1,0,5.4166,C52,C
381,1,3,"Miss. Allen, Ada",female,53.31755855733351,1,0,5.0424,,S
382,0,2,"Mr. Harris, Robert",male,29.821433232638146,0,0,34.9202,,Q
383,0,3,"Mr. Taylor, Robert",male,25.79907573165609,1,3,13.0308,,C
384,0,3,"Mr. Taylor, Edward",male,,0,0,3.2511,,Q
385,1,3,"Miss. Smith, Lily",female,51.18530512160826,0,0,14.4123,,C
386,0,3,"Mr. Martin, John",male,33.825486741596684,1,0,5.2262,,S
387,1,3,"Mrs. White, Rose",female,43.66231342397932,1,0,8.759,,S
388,1,1,"Mr. Taylor, James",male,28.106013811979082,0,1,54.0305,B27,C
389,0,3,"Mr. Harris, Edward",male,38.06728706612454,0,0,5.2456,,S
390,1,2,"Mrs. King, Elizabeth",female,23.713781614684763,0,0,10.3092,,C
391,1,3,"Mr. Lewis, Arthur",male,,4,0,34.4276,E23,S
392,0,3,"Mr. Taylor, James",male,34.39480575003839,1,0,3.0,,S
393,0,3,"Mr. Thompson, Edward",male,21.12233952424979,4,0,3.0,,S
394,0,3,"Mr. Lewis, Edward",male,18.885064760366312,2,0,3.476,,S
395,0,2,"Mr. Young, Walter",male,29.6874791197166,0,1,13.2595,,S
396,1,3,"Miss. King, Edith",female,28.720980048875262,1,0,28.7414,,S
397,0,1,"Mr. Clark, Frederick",male,37.48622599021736,0,0,18.0144,B38,C
398,0,3,"Mr. Thompson, Harold",male,27.479928188170007,0,2,8.0016,,C
399,1,1,"Miss. Davies, Ethel",female,30.263768918141423,1,0,126.681,,S
400,0,3,"Miss. King, Alice",female,22.51503127955919,1,0,7.155,E51,S
401,0,3,"Mr. Young, Harold",male,21.08292284019381,0,0,15.5734,,S
402,0,3,"Mr. Lee, George",male,25.365783720751025,0,0,3.0,,S
403,0,3,"Mr. Smith, Frank",male,32.54480020223824,0,0,18.5601,,S
404,1,2,"Mr. Thomas, Walter",male,,0,0,5.0,B13,S
405,0,3,"Mr. Wilson, James",male,29.706303455945882,0,3,3.0,,S
406,0,3,"Mr. White, Walter",male,24.33018022233682,0,0,7.1495,,S
407,0,2,"Mr. Hall, Harold",male,,0,0,32.8884,,C
408,0,3,"Miss. Evans, Elizabeth",female,27.911927032404474,0,1,5.2088,,S
409,0,2,"Miss. Young, Mary",female,46.28945381989328,1,0,9.9357,,Q
410,1,1,"Miss. Thompson, Rose",female,38.25899535311366,1,0,31.1425,,S
411,1,3,"Miss. Martin, Elizabeth",female,4.8083989552294675,2,0,19.7039,,S
412,0,2,"Mr. Clark, Albert",male,,4,0,5.0,,S
413,0,3,"Miss. Davies, Dorothy",female,,0,0,17.7134,,S
414,1,1,"Mrs. Wilson, Ada",female,32.40577053960352,0,0,18.4865,,Q
415,1,2,"Mrs. Jones, Elizabeth",female,24.876782966357492,0,0,48.6358,,S
416,0,3,"Mr. Williams, George",male,,0,1,12.0549,,S
417,0,3,"Mr. Wilson, Frederick",male,18.909711966759446,0,1,8.567,,S
418,1,2,"Miss. Walker, Edith",female,47.96160866132509,0,1,8.0454,,C
419,1,3,"Mrs. Wilson, Ellen",female,13.747788108340897,0,0,9.0491,,S
420,0,1,"Mr. Allen, Edward",male,36.49525450302467,0,0,86.7939,,Q
421,0,1,"Mr. Lee, Arthur",male,12.391499850280404,0,0,101.9264,,S
422,1,2,"Mr. Johnson, George",male,25.131316587064997,0,0,7.6504,,S
423,0,1,"Mr. Clark, Robert",male,37.256920833739365,0,0,31.3014,B27,C
424,0,3,"Mr. Thompson, Frederick",male,,1,0,28.1967,E35,S
425,0,3,"Mr. Harris, John",male,43.195296920744205,1,0,7.8887,,S
426,1,3,"Miss. Clark, Ada",female,43.299683020374076,0,0,12.4408,B28,Q
427,0,3,"Mr. Clark, Harold",male,15.122927302975631,1,0,3.0,,C
428,0,3,"Mr. Robinson, William",male,24.86297098847126,0,0,28.9564,,S
429,0,2,"Mr. Robinson, Walter",male,,1,0,5.0,,S
430,0,3,"Mr. Harris, Thomas",male,27.02508397833268,0,1,24.7082,,S
431,0,3,"Miss. Davies, Alice",female,,1,0,3.0,,S
432,0,3,"Mr. Jones, Edward",male,42.25988349956235,1,0,8.3042,C7,S
433,0,3,"Miss. Scott, Margaret",female,21.812214422485507,1,4,7.9306,E4,S
434,0,1,"Mr. Allen, Henry",male,28.4821561959629,1,1,34.6488,,Q
435,1,1,"Mrs. Allen, Elizabeth",female,3.5188975656455845,0,2,45.5833,,S
436,0,2,"Mr. Johnson, Frank",male,19.99129222425199,2,0,5.0,,S
437,0,1,"Mr. Lee, George",male,,0,0,8.2541,,S
438,0,3,"Mr. Hall, Arthur",male,3.2639668891805975,0,0,3.8093,C20,S
439,0,3,"Mr. Smith, Frederick",male,29.020548098200727,0,0,24.9665,,S
440,0,3,"Mr. Thompson, Edward",male,,0,0,3.0,,S
441,0,2,"Miss. King, Ellen",female,44.93831366347267,0,0,11.5032,,S
442,1,3,"Mr. Williams, George",male,29.263416057142827,0,0,4.8884,,S
443,0,3,"Mr. Evans, Frank",male,30.566099319173986,2,2,9.7636,,Q
444,0,3,"Mr. Taylor, Arthur",male,33.01490470559331,0,0,25.0542,A27,S
445,0,3,"Mr. Robinson, Frederick",male,18.297747627957094,0,0,7.9362,D13,S
446,0,3,"Mr. King, Harold",male,37.95672531775061,0,0,3.0,,S
447,0,3,"Mr. Davies, William",male,,1,0,33.1503,E23,S
448,0,1,"Mr. Allen, Charles",male,52.987805626685365,0,2,26.078,,S
449,0,1,"Mr. Davies, Harold",male,44.255690027103896,2,1,70.3246,,S
450,0,3,"Mr. Hall, George",male,43.908376276027425,0,0,14.6923,,S
451,1,2,"Miss. Clark, Ellen",female,39.96309455795375,0,1,38.6688,,C
452,0,3,"Mr. Thomas, Charles",male,57.89920732459551,0,0,17.2239,,S
453,1,3,"Miss. Lewis, Elizabeth",female,4.9173266196009635,1,0,30.4137,,S
454,1,2,"Mrs. White, Agnes",female,32.94512770078086,0,0,9.7092,A47,S
455,0,3,"Mr. Martin, Robert",male,17.206233027472763,0,3,12.777,,C
456,1,3,"Mrs. Evans, Ethel",female,19.661696045167133,0,0,13.4751,E51,S
457,0,3,"Mr. Scott, Thomas",male,47.262207379839694,1,0,3.0,,C
458,0,3,"Mr. Williams, Robert",male,39.7609737916806,1,0,3.4486,,C
459,0,3,"Mr. Robinson, Harold",male,17.35693744503443,0,0,3.0,,S
460,0,3,"Mr. White, Henry",male,36.3741033798318,0,1,14.1126,,C
461,0,2,"Mr. Williams, Frank",male,10.730289549779695,1,2,8.3224,,S
462,0,2,"Mr. Martin, James",male,18.53130517027729,0,0,28.5123,,S
463,0,3,"Mr. Taylor, George",male,30.005447035352205,0,2,12.3715,,S
464,1,2,"Miss. King, Dorothy",female,14.037400157564944,1,2,46.2527,,C
465,0,2,"Mr. Clark, William",male,11.671214165205686,0,0,5.0,A14,C
466,1,2,"Miss. Jones, Alice",female,28.407315276858576,1,0,5.0,,S
467,1,3,"Mrs. Evans, Helen",female,19.376421326484348,0,4,15.1379,,S
468,0,3,"Mr. Evans, George",male,13.557789289634648,0,0,3.0,,C
469,1,3,"Miss. Williams, Alice",female,36.68846014812051,0,0,4.9702,,S
470,0,1,"Mr. Allen, William",male,,3,0,5.0,,S
471,1,3,"Mrs. Hall, Agnes",female,33.52665049362218,0,0,4.111,,S
472,0,3,"Mr. Wilson, Arthur",male,9.58896508022772,0,1,3.0,,S
473,1,1,"Miss. Taylor, Agnes",female,30.6900507253817,0,0,37.4285,,S
474,1,1,"Mrs. Evans, Elizabeth",female,,0,0,24.0021,,C
475,0,3,"Mr. White, Arthur",male,35.81203652737744,0,0,7.0786,C52,C
476,0,3,"Mr. White, George",male,6.614853989807134,1,0,9.4316,,S
477,1,2,"Mr. Evans, Henry",male,1.0,1,0,5.0,,C
478,0,3,"Mr. King, George",male,31.344875699990258,0,1,3.8374,,S
479,0,3,"Mrs. Clark, Elizabeth",female,,0,1,8.5231,,C
480,0,3,"Mr. Walker, Edward",male,12.691267472459721,1,3,3.4944,,S
481,1,3,"Mr. Williams, John",male,21.329350981886456,0,1,13.3576,,S
482,1,1,"Miss. Walker, Ethel",female,,1,0,13.7713,,S
483,0,3,"Mr. Jones, Harold",male,,0,0,6.6491,,S
484,0,2,"Mr. Evans, Albert",male,36.77833597436356,0,0,7.4167,,S
485,1,3,"Mrs. Wilson, Dorothy",female,,0,0,7.1791,,S
486,1,2,"Mr. Thomas, Edward",male,8.869990117804804,0,0,5.0,,Q
487,1,3,"Mrs. White, Agnes",female,47.53631248969472,0,0,7.6389,A50,Q
488,0,2,"Mr. Davies, Albert",male,41.35316629724666,1,0,5.0,A35,S
489,0,3,"Mr. Brown, Harold",male,7.230502001082584,2,0,9.6618,,S
490,1,2,"Mr. Clark, Frederick",male,51.84540031530673,0,0,5.0,,S
491,0,2,"Mr. Harris, Robert",male,9.535533190072783,0,0,12.5142,E56,C
492,0,1,"Mr. Taylor, William",male,,1,0,7.3554,A41,Q
493,0,1,"Mr. Lewis, Albert",male,15.976776537515411,0,0,35.5444,,C
494,1,1,"Mr. Smith, Harold",male,12.047107118612555,1,0,37.5874,,S
495,0,3,"Mr. Robinson, Thomas",male,46.547929559641986,0,1,3.0,,S
496,0,2,"Mr. Walker, Frank",male,37.36667868106385,0,0,5.0,,S
497,0,3,"Mr. Harris, Harold",male,11.291850742860447,0,0,12.7394,A46,S
498,0,2,"Mr. White, John",male,,1,0,5.0,,S
499,1,3,"Mrs. Thompson, Mary",female,1.0,1,0,6.4591,,C
500,0,3,"Mr. Williams, Robert",male,23.813987539682067,1,0,3.0,,S
501,0,3,"Mrs. Lewis, Lily",female,23.45724011836635,0,4,5.9192,,S
502,1,1,"Miss. Johnson, Elizabeth",female,,0,1,174.3306,,S
503,0,3,"Mr. Martin, Robert",male,,1,0,3.347,,C
504,1,3,"Mrs. Hall, Annie",female,44.476500276697465,0,0,16.772,D58,S
505,0,2,"Mr. Lewis, John",male,,3,0,5.0,,S
506,1,1,"Mrs. Lewis, Helen",female,42.51337194999911,0,0,5.0,D26,C
507,0,3,"Mr. Martin, Edward",male,,1,0,15.5185,,S
508,0,3,"Miss. Young, Rose",female,14.67450866629691,0,0,3.0,,C
509,0,1,"Mr. Thompson, Frank",male,29.036494779287615,0,0,17.2087,,S
510,0,2,"Mr. Scott, William",male,26.290310175026537,0,0,20.9254,C42,S
511,1,2,"Miss. Davies, Margaret",female,36.36305163658375,1,0,10.0378,,Q
512,0,3,"Mr. Allen, Albert",male,,0,0,6.9694,,S
513,1,3,"Miss. Jones, Lily",female,27.97949095915048,4,0,15.6093,,S
514,0,1,"Mrs. Lee, Lily",female,,0,0,29.0303,,S
515,0,3,"Mr. Lewis, James",male,43.83395497073376,0,0,15.6546,,S
516,0,1,"Mr. Martin, Charles",male,,0,0,93.4406,,C
517,0,3,"Mr. Scott, William",male,4.018563810334001,5,0,13.9286,,Q
518,0,3,"Miss. Clark, Ada",female,30.29143206693774,0,0,3.0,,S
519,0,3,"Mr. Thomas, Walter",male,17.974138590813723,1,0,8.8798,,S
520,0,3,"Miss. Young, Alice",female,,0,0,12.5493,,C
521,0,2,"Mr. Thomas, Charles",male,22.69979508373195,0,0,32.3533,,S
522,0,3,"Mr. Hall, Walter",male,39.836874693548125,0,1,3.0,,S
523,1,2,"Miss. Williams, Rose",female,31.049288057391635,3,0,27.4561,,Q
524,1,1,"Mrs. Smith, Dorothy",female,29.160235921523935,1,0,25.3245,,S
525,1,1,"Miss. Wilson, Lily",female,20.867579951819458,0,0,24.7098,,S
526,0,3,"Mr. Walker, Frank",male,4.850607276092866,0,0,3.0,,S
527,0,2,"Mr. Lewis, Frederick",male,,0,0,5.0,,C
528,1,3,"Miss. Allen, Dorothy",female,30.350224890969994,1,4,3.0,C50,S
529,1,3,"Mrs. Wilson, Annie",female,56.249163738607365,0,1,13.813,,S
530,0,2,"Mr. Martin, Walter",male,,0,1,14.615,,Q
531,1,1,"Mrs. Lewis, Lily",female,36.66006703055265,1,1,53.4877,,S
532,0,3,"Mr. Wilson, Robert",male,33.40140467027744,1,0,9.322,,S
533,0,3,"Mr. Wilson, William",male,20.07284581861814,0,0,7.5836,A37,C
534,0,1,"Mrs. Johnson, Alice",female,,2,0,21.3427,D24,S
535,1,1,"Miss. Johnson, Rose",female,41.581496012845705,0,0,89.5298,,S
536,1,1,"Mrs. Lewis, Ethel",female,,0,3,17.4776,,Q
537,1,2,"Miss. Clark, Rose",female,37.235038711467695,0,0,5.0,,S
538,1,3,"Miss. Brown, Helen",female,,0,0,12.9093,,S
539,0,3,"Miss. Jones, Mary",female,24.795544690105324,1,0,3.0734,,S
540,0,3,"Miss. Williams, Dorothy",female,25.428557222622466,0,1,3.0,,S
541,0,2,"Mr. Wilson, John",male,39.602578568777446,0,0,23.0636,A3,S
542,0,1,"Mr. Scott, James",male,1.6291558867535798,0,0,17.4782,,S
543,1,3,"Miss. Lewis, Rose",female,37.74191857677439,1,1,3.0,,S
544,0,3,"Mrs. Allen, Ada",female,,1,0,3.0,,S
545,0,3,"Mr. King, Harold",male,34.54166098665759,1,0,15.0731,B2,S
546,1,3,"Miss. Robinson, Dorothy",female,41.33872861402575,0,0,14.7478,,S
547,0,3,"Mr. Young, Walter",male,45.41728992075131,1,0,23.6804,,S
548,1,3,"Mrs. Harris, Annie",female,43.87842774208527,0,0,14.6534,,S
549,1,2,"Mr. Smith, Robert",male,59.15642860222333,1,1,21.7416,D50,S
550,0,3,"Mr. Wilson, Charles",male,14.954443497685096,0,0,3.0,,C
551,0,3,"Mr. Brown, Harold",male,35.08836671209638,0,0,3.0,D25,C
552,0,3,"Mrs. Walker, Edith",female,,0,0,3.0,,S
553,0,3,"Mr. Walker, Arthur",male,38.32852564520462,0,0,3.0,,S
554,0,3,"Mr. Williams, Edward",male,25.358570995918228,0,1,3.0,,S
555,0,1,"Mr. Wilson, Arthur",male,4.800792553201315,2,0,34.2173,,Q
556,0,3,"Miss. Scott, Agnes",female,42.39791513171804,1,0,3.0,,S
557,1,2,"Mrs. Clark, Margaret",female,16.587220641686276,1,3,5.0,,S
558,1,3,"Mr. Walker, Henry",male,17.64950828318117,0,1,11.3016,,S
559,0,3,"Mr. Hall, George",male,34.922066211855594,0,0,3.0,,S
560,1,1,"Mr. Brown, Robert",male,43.75344765549286,0,1,5.4929,,S
561,1,2,"Mrs. Scott, Helen",female,10.927994116564832,0,0,6.8267,,Q
562,0,1,"Mr. King, John",male,13.478508939897354,0,0,8.5457,,S
563,1,1,"Mrs. Smith, Ada",female,32.40958954532903,0,0,118.7506,E52,S
564,0,3,"Mr. Jones, Thomas",male,,0,0,3.0,B51,S
565,1,1,"Miss. Johnson, Agnes",female,60.49549940491177,1,0,26.2023,E48,Q
566,0,2,"Mr. Martin, George",male,25.375650219275933,1,0,17.5815,,S
567,0,3,"Mr. Jones, John",male,,1,0,3.929,,S
568,1,3,"Miss. Hall, Mary",female,28.889039409961836,0,0,3.0,,C
569,0,2,"Mr. Young, John",male,58.925063543190376,0,0,65.081,,S
570,0,3,"Mr. Robinson, Walter",male,22.52513906891827,0,0,3.0,,Q
571,0,3,"Mr. Clark, Arthur",male,45.78012194083922,0,0,3.0,E3,S
572,1,1,"Mrs. Taylor, Lily",female,37.46037892170245,0,0,104.0699,,S
573,1,1,"Mr. Walker, Frank",male,28.073357229063333,0,0,38.5631,,S
574,0,3,"Mr. Evans, Edward",male,,0,0,9.0948,,S
575,1,2,"Mr. Brown, Thomas",male,,0,0,5.0,,S
576,1,1,"Miss. Smith, Elizabeth",female,37.27962272255536,0,3,101.1028,,S
577,0,3,"Mr. Scott, Frank",male,,0,0,21.8009,,C
578,0,2,"Mr. Allen, John",male,10.196034937621079,0,0,28.0967,,C
579,0,3,"Mr. Wilson, James",male,1.0,0,0,13.497,,S
580,0,1,"Mr. Walker, Charles",male,10.518262194400968,1,0,8.9528,,S
581,1,2,"Mr. King, James",male,43.10647391623144,0,0,14.1651,,C
582,0,3,"Mr. Martin, Frank",male,24.819101514715385,5,0,21.866,A55,S
583,0,3,"Mr. Lee, Robert",male,42.30756490817056,0,0,5.201,,S
584,0,3,"Mr. Clark, Henry",male,33.33756449495457,0,1,14.7017,,S
585,1,3,"Mrs. Hall, Ellen",female,37.055549909971326,0,1,7.6051,,C
586,0,3,"Mr. Young, Frederick",male,43.70942227204738,0,0,31.9294,,S
587,0,2,"Miss. Brown, Margaret",female,33.083680631855856,0,0,9.8687,,S
588,1,2,"Mr. Clark, George",male,15.197076926619253,0,0,7.3464,D18,S
589,0,3,"Mr. Thompson, Edward",male,55.82826266771626,0,0,6.2187,,S
590,0,3,"Mr. Johnson, Harold",male,28.944805127876933,2,0,3.0,,C
591,0,3,"Mr. Martin, Frank",male,32.7582169804937,0,0,5.482,,C
592,0,3,"Miss. Lewis, Margaret",female,,1,0,6.9866,,C
593,0,3,"Mr. Hall, Robert",male,22.139893584818093,1,0,5.9847,,S
594,1,3,"Miss. Thompson, Lily",female,26.126454642751213,0,0,19.2695,,S
595,1,3,"Mrs. Taylor, Mary",female,,0,0,9.8539,,Q
596,0,2,"Mr. Evans, James",male,,2,1,24.0922,,S
597,1,1,"Miss. Williams, Edith",female,15.938653273619556,1,3,64.9442,,C
598,1,1,"Mr. Taylor, Albert",male,47.930858808421604,0,0,37.735,E45,Q
599,1,2,"Mr. Allen, Edward",male,35.68357652311916,2,0,5.2784,,S
600,1,3,"Miss. Smith, Ellen",female,27.947966357830783,0,0,6.9892,,S
601,1,1,"Miss. Lee, Alice",female,34.8823321017647,0,0,162.392,C12,S
602,1,1,"Mr. Johnson, Charles",male,,0,2,22.5186,E33,S
603,1,3,"Miss. Martin, Ada",female,63.40104609619401,0,0,21.3433,,S
604,1,3,"Miss. Taylor, Elizabeth",female,17.106938898348787,0,0,8.138,,S
605,1,3,"Mrs. Wilson, Margaret",female,48.525198590689335,1,0,4.0028,,S
606,0,1,"Mr. Brown, Arthur",male,14.518589403301513,0,0,20.6976,,S
607,0,2,"Mr. Young, Frederick",male,32.141518097673455,0,0,73.0,,C
608,0,3,"Mr. Thomas, Henry",male,28.087863813666925,0,0,12.982,,C
609,1,2,"Mr. Robinson, Henry",male,,0,0,42.7948,,S
610,1,3,"Miss. Young, Dorothy",female,10.737181624114516,0,0,3.9412,A43,S
611,0,3,"Mr. King, Albert",male,7.071569917939769,0,0,3.5185,,C
612,0,3,"Mrs. Lewis, Alice",female,,0,1,20.5811,,S
613,1,3,"Miss. Thomas, Helen",female,17.32665263914713,0,3,4.849,D16,S
614,0,3,"Mr. Thomas, Walter",male,34.90052676039825,0,1,10.6287,B36,C
615,1,3,"Miss. Evans, Edith",female,,1,2,18.873,C25,S
616,0,3,"Mr. Allen, Walter",male,14.87816093038927,3,0,7.7819,,S
617,0,3,"Miss. Hall, Dorothy",female,33.271180809280466,0,0,11.5052,E35,S
618,1,3,"Miss. King, Mary",female,,0,0,7.7836,,S
619,1,1,"Mr. Taylor, Albert",male,26.247998178454356,5,0,81.0823,,C
620,0,2,"Mr. Scott, Charles",male,45.87137674036569,0,0,22.2179,,C
621,0,2,"Mr. Martin, Frederick",male,15.37287915340237,0,1,5.0,,S
622,1,3,"Miss. Robinson, Elizabeth",female,45.70060707988897,0,0,8.0756,,C
623,1,3,"Miss. Thomas, Annie",female,24.65750166818684,0,0,11.4873,,S
624,1,3,"Miss. Martin, Annie",female,,0,4,3.0,,Q
625,1,2,"Miss. Brown, Annie",female,12.726285342267165,0,0,5.0,,S
626,0,2,"Mr. Wilson, James",male,1.0,0,0,5.5843,,S
627,0,2,"Mr. King, Henry",male,14.379541867294076,1,0,8.494,D52,S
628,0,3,"Mr. Thompson, George",male,36.850992919264755,0,0,8.6353,,C
629,1,1,"Miss. White, Ada",female,35.27953313583768,0,0,137.7658,C35,S
630,1,2,"Mr. Thomas, George",male,27.038214776299025,0,2,5.0,D23,S
631,0,3,"Miss. Taylor, Annie",female,2.895737510454598,1,0,7.262,,S
632,0,2,"Mr. Thompson, Harold",male,14.059648517438808,0,0,10.2942,,S
633,0,3,"Mr. Taylor, Arthur",male,19.626379861530914,0,0,8.4823,,S
634,0,3,"Miss. Walker, Alice",female,17.66156245188087,2,0,3.0,D32,C
635,1,3,"Mrs. Scott, Ada",female,36.06039134715994,1,4,8.0918,,S
636,1,3,"Mr. Johnson, William",male,23.321092581108637,0,0,21.9443,,S
637,0,3,"Mr. Hall, William",male,33.450001730402,0,2,3.6393,C45,S
638,0,2,"Mr. Thompson, Robert",male,,1,0,7.4685,,S
639,1,3,"Mrs. Davies, Agnes",female,3.299355354552734,0,0,14.6579,,S
640,0,3,"Mr. Allen, Edward",male,6.269576138695776,1,0,5.1563,,S
641,0,3,"Mr. Wilson, Thomas",male,41.62483984592231,0,0,8.2687,,Q
642,0,3,"Mr. Jones, Charles",male,21.313167652304067,1,0,11.2491,,S
643,1,2,"Mrs. Scott, Helen",female,41.26122031888087,0,1,13.0875,,S
644,0,3,"Mr. Lewis, Edward",male,33.90552602271387,0,0,10.9324,,C
645,0,3,"Mr. Thompson, George",male,1.956003437602586,1,3,3.0,,S
646,1,2,"Mrs. Johnson, Florence",female,42.061740142596726,1,0,7.3659,,S
647,0,1,"Mr. Robinson, Edward",male,47.25013697092146,0,0,77.2437,,C
648,1,1,"Miss. King, Dorothy",female,49.50294819563199,1,0,107.8887,E55,S
649,0,3,"Miss. Lewis, Lily",female,,1,0,14.6799,B43,S
650,1,1,"Mrs. Smith, Rose",female,24.682977316485825,1,0,5.2191,,S
651,0,3,"Mr. Davies, Henry",male,27.31776590526579,0,0,17.3591,C57,S
652,0,1,"Mr. Evans, Thomas",male,,0,0,123.5482,,S
653,1,1,"Miss. Scott, Florence",female,18.734487220293286,1,1,15.3338,,Q
654,1,2,"Miss. Evans, Ethel",female,8.257388810972603,0,0,7.6478,,S
655,1,1,"Mr. Scott, Edward",male,29.762561827612036,0,0,59.9015,,S
656,0,3,"Mr. Lee, Frederick",male,48.17172367728179,2,0,8.4926,,S
657,0,3,"Mr. Scott, James",male,,1,0,12.8109,,S
658,0,3,"Mr. Wilson, Henry",male,19.190889818193966,0,0,24.9617,E38,S
659,0,3,"Mr. Brown, Frank",male,34.18615842345372,1,2,15.7378,C13,S
660,0,2,"Mr. Martin, Henry",male,33.60050915623269,1,1,59.8311,,S
661,0,3,"Mr. Robinson, George",male,41.069898047940676,0,0,25.251,,S
662,0,3,"Mr. Thompson, George",male,51.12952708756208,1,0,5.8657,,Q
663,1,1,"Miss. Williams, Edith",female,24.573911888539683,0,4,9.3969,,S
664,0,3,"Miss. Young, Ethel",female,42.46627647414467,0,1,3.5237,,S
665,0,1,"Mr. Scott, Robert",male,32.436995615674526,1,0,38.4391,D26,S
666,0,2,"Mr. Johnson, Thomas",male,,0,0,8.7343,,S
667,0,1,"Miss. Jones, Alice",female,9.961821660705183,1,0,66.51,,S
668,0,1,"Mr. Taylor, George",male,,0,0,177.7601,,S
669,0,3,"Mr. Scott, Frederick",male,32.08246273209141,4,0,13.7909,,C
670,1,1,"Mrs. Lee, Alice",female,33.10343181756393,0,0,37.7473,,S
671,0,1,"Mr. Allen, John",male,37.99344736241953,0,3,152.3547,C13,S
672,0,3,"Mr. Hall, Edward",male,31.565682939173566,0,0,8.3327,C51,S
673,1,3,"Miss. Young, Rose",female,43.37484568552073,0,0,11.2633,,C
674,0,3,"Mr. Thompson, Edward",male,28.75546571949705,1,0,21.6103,,S
675,0,3,"Mr. Taylor, Frederick",male,41.29091500154436,0,0,3.0,B16,S
676,0,1,"Mr. Allen, James",male,32.201915529427,0,0,58.1264,,S
677,1,3,"Miss. Taylor, Elizabeth",female,13.714079628435842,0,1,9.3828,,S
678,0,1,"Mr. Smith, Walter",male,48.41952884802552,0,0,26.568,A15,S
679,0,3,"Mr. Clark, Charles",male,50.7903992266322,1,0,3.0,,S
680,1,3,"Miss. Harris, Florence",female,40.286546117798814,2,1,16.1912,,Q
681,1,3,"Mrs. Hall, Mary",female,17.83109996117453,0,0,3.0,,Q
682,0,3,"Mr. Johnson, Edward",male,34.168981249097804,0,0,5.2353,,S
683,0,2,"Miss. White, Annie",female,20.577432515200428,2,0,59.4422,,C
684,0,3,"Mr. Lewis, Frank",male,11.724082676698167,1,2,13.5124,,S
685,0,3,"Mr. Taylor, William",male,27.954680602280188,0,0,3.0,,S
686,0,2,"Mr. Walker, John",male,24.12254219715449,1,0,12.2323,,S
687,0,3,"Mr. Evans, George",male,54.76959933080947,0,4,10.7463,,C
688,1,1,"Mr. Young, Frederick",male,28.092113217706952,0,0,5.0,,S
689,0,3,"Mr. Williams, Henry",male,,0,0,11.1175,,S
690,1,1,"Mrs. Taylor, Annie",female,30.026500040897133,0,0,375.7987,,S
691,1,1,"Miss. Taylor, Annie",female,59.613661981457525,2,0,38.7654,,S
692,1,2,"Mrs. Thompson, Ellen",female,,0,0,21.5035,,C
693,0,3,"Mr. Walker, George",male,24.808110972126332,1,4,15.5203,B52,C
694,0,1,"Mr. Hall, Edward",male,46.47295037728717,0,0,5.0,B59,S
695,0,3,"Mr. Allen, Harold",male,,3,0,8.6275,B4,S
696,0,3,"Mr. Williams, Walter",male,,0,0,7.5558,,S
697,1,1,"Mrs. Evans, Lily",female,21.98110988410165,1,1,63.5925,,S
698,0,3,"Mr. Davies, Frank",male,,0,1,9.9579,,S
699,0,3,"Mr. Evans, Edward",male,36.02958175542358,1,2,3.0,,Q
700,1,1,"Miss. Harris, Rose",female,39.426646949185454,1,0,13.1332,,S
701,0,3,"Mr. Davies, Albert",male,36.74332770187487,0,0,3.0,,C
702,1,3,"Miss. Thomas, Rose",female,51.70313092035461,0,1,3.6649,,C
703,0,3,"Mr. Clark, Robert",male,34.07462639136595,3,0,8.2967,,S
704,1,1,"Miss. Thompson, Helen",female,31.09834445041649,0,0,58.7431,,S
705,1,1,"Miss. Hall, Rose",female,24.05500753001239,0,0,7.3576,C3,S
706,0,1,"Mr. Williams, Harold",male,40.003698982444234,1,0,61.9813,,S
707,1,1,"Mr. Thomas, Thomas",male,,0,0,104.727,,S
708,0,2,"Mr. Thompson, Frank",male,,0,0,5.5724,E25,S
709,0,3,"Mr. Williams, Arthur",male,27.099458987632783,0,0,3.0,D46,C
710,0,3,"Mr. White, Frank",male,36.94688244219408,0,2,3.0,,S
711,1,2,"Mrs. Davies, Lily",female,38.61647380594771,0,0,10.2322,,Q
712,0,3,"Mr. Clark, John",male,42.8407154812338,0,0,7.5322,,C
713,0,3,"Mr. Davies, Albert",male,20.609024040637074,1,0,7.2213,,Q
714,1,3,"Miss. Thomas, Agnes",female,36.8839245625564,0,0,11.9308,,S
715,0,3,"Mr. Brown, Albert",male,5.451825111462455,0,0,12.6432,,Q
716,0,3,"Mr. Smith, Arthur",male,,1,0,3.0,,C
717,0,1,"Mr. Harris, Charles",male,,0,3,13.0253,B17,C
718,0,3,"Mr. Walker, George",male,33.136345440018886,0,0,24.9243,,S
719,0,3,"Miss. Wilson, Alice",female,40.08483650240265,3,0,14.9962,,C
720,0,2,"Mr. Davies, Charles",male,23.460895923606337,0,0,7.0362,D35,S
721,1,1,"Mrs. Taylor, Ada",female,,0,0,166.3146,D39,S
722,0,3,"Mr. White, Robert",male,18.029510544769963,0,0,7.1125,B13,C
723,0,3,"Mr. Taylor, Frederick",male,33.37232715855842,3,0,35.0,B19,S
724,0,1,"Mr. Allen, Edward",male,32.83558647531823,0,1,81.5238,,C
725,1,2,"Miss. Martin, Dorothy",female,9.93664802792378,1,0,16.3226,,C
726,1,2,"Mr. King, Robert",male,40.767809047886374,0,0,18.2738,,C
727,0,3,"Mr. Hall, Frederick",male,11.69019065111582,0,0,3.0,,C
728,0,3,"Mr. Walker, Albert",male,42.48668043308618,0,0,9.4577,,C
729,1,2,"Miss. Hall, Helen",female,33.06608394350933,0,0,5.0,,S
730,0,2,"Mr. Johnson, Frank",male,8.80959043464,0,0,12.8965,,Q
731,0,3,"Mr. Taylor, Frank",male,,0,0,5.9727,,Q
732,0,3,"Mr. Clark, Albert",male,43.393449829922275,1,1,3.0,,C
733,0,1,"Mr. Taylor, Arthur",male,44.079676354960185,1,0,36.8259,D25,Q
734,0,2,"Miss. Thomas, Annie",female,29.518277649077202,1,0,40.961,,S
735,1,3,"Miss. Walker, Ellen",female,,1,0,3.918,,S
736,0,2,"Mr. Thompson, Charles",male,20.527138868500735,1,0,5.0,,S
737,0,3,"Mr. Brown, Frank",male,55.73195392055451,4,0,8.532,,S
738,0,2,"Mr. Williams, Walter",male,13.591139357044733,0,0,5.0,,S
739,0,2,"Mrs. Wilson, Agnes",female,,0,0,5.0,,S
740,0,2,"Miss. Lewis, Ethel",female,21.877601448009884,0,1,5.0,,C
741,0,1,"Mr. Wilson, Arthur",male,34.44628228397113,0,0,15.6183,D13,S
742,0,3,"Mr. Hall, Albert",male,29.862028543278196,0,0,26.4128,,S
743,1,3,"Miss. Clark, Helen",female,34.825830252304435,0,1,3.0,,S
744,0,3,"Mr. Walker, Arthur",male,1.5650059144876352,0,0,9.0794,,Q
745,0,3,"Mr. White, Albert",male,31.65113678209966,1,0,3.0,,C
746,0,3,"Mr. White, Frederick",male,55.8476483687632,0,0,3.0,,Q
747,0,3,"Mr. Scott, George",male,15.191714421582468,1,2,3.0,,C
748,0,1,"Mr. Allen, Frederick",male,37.31893772583609,0,0,85.4284,E50,C
749,0,2,"Mr. Robinson, Henry",male,29.23085312318935,0,0,5.1783,D50,S
750,0,2,"Mr. Johnson, Frank",male,15.691721267327347,1,0,5.0,,C
751,0,3,"Mr. Davies, Charles",male,,0,0,3.0,,S
752,1,3,"Miss. Brown, Lily",female,23.324292496875344,1,2,3.0,,S
753,0,2,"Mr. Taylor, James",male,,0,0,5.0,,C
754,0,2,"Mr. Jones, Albert",male,19.58986711842249,0,1,11.9479,,S
755,0,3,"Mr. Martin, George",male,,0,0,18.4056,,Q
756,0,3,"Mr. Taylor, Robert",male,44.777101024881354,1,4,6.3283,,Q
757,0,2,"Mr. Johnson, Thomas",male,55.57141317283808,4,2,12.4305,,S
758,0,3,"Mr. Thompson, Arthur",male,25.304511766636033,1,0,18.5682,C38,S
759,1,2,"Miss. Young, Edith",female,,1,1,12.009,,S
760,1,2,"Mr. King, George",male,,0,0,11.3816,,C
761,0,3,"Mr. Lewis, Robert",male,31.40167727612831,0,0,8.435,,S
762,0,3,"Miss. White, Rose",female,,0,3,8.0007,C12,S
763,0,2,"Mr. Martin, Arthur",male,27.449593406538444,0,0,12.4408,A55,S
764,0,3,"Mrs. Robinson, Dorothy",female,,2,0,7.0519,,Q
765,0,3,"Mr. Martin, Edward",male,34.67125630581823,0,0,4.3566,,C
766,0,1,"Mr. Allen, Thomas",male,34.5336769464698,0,0,17.0549,,S
767,1,3,"Mrs. Clark, Ellen",female,13.154039500470866,0,0,9.7831,,S
768,0,2,"Mr. Smith, Thomas",male,3.946468811631121,0,1,15.1341,,C
769,0,3,"Mr. Harris, James",male,1.0,0,0,15.3661,,C
770,0,3,"Mr. Allen, Charles",male,29.699463001288272,0,0,4.5966,,C
771,0,1,"Mr. King, Frank",male,28.568749141018504,0,2,39.0206,,S
772,0,2,"Mr. Jones, Thomas",male,55.01457315657679,0,4,5.0,,S
773,0,3,"Mr. Lee, Frederick",male,42.15031572487331,0,0,4.6917,E29,S
774,0,1,"Mr. Lee, Albert",male,,0,0,63.7691,,S
775,0,3,"Mr. Evans, Frederick",male,,0,0,3.0,,S
776,0,3,"Miss. Thompson, Annie",female,21.615243681807826,0,1,7.0186,E47,S
777,0,3,"Miss. Hall, Lily",female,24.864441047787583,0,0,3.2516,,S
778,0,3,"Mr. Thompson, Edward",male,66.22673332165718,1,0,12.0659,,S
779,1,1,"Mr. Wilson, Charles",male,45.99396762896607,0,0,29.6288,,S
780,1,3,"Mr. Young, Edward",male,60.58937676876258,0,0,3.0,,S
781,0,3,"Mr. Jones, James",male,12.311679786816278,0,0,9.6912,,S
782,0,3,"Miss. Smith, Alice",female,14.757573328716031,1,0,13.0069,,S
783,1,3,"Miss. Hall, Annie",female,13.253115385791578,0,0,3.0,E14,S
784,0,1,"Mr. Martin, Frederick",male,28.91605527494327,0,0,137.8581,,S
785,1,3,"Mr. Lewis, Frank",male,54.75352755893452,1,0,16.1115,,S
786,1,1,"Miss. Clark, Agnes",female,35.980028870907944,0,0,8.8411,,S
787,0,3,"Mr. Wilson, Robert",male,,0,0,3.0,A59,S
788,0,3,"Mr. Allen, John",male,46.70083944707869,1,0,25.0588,,S
789,0,1,"Mr. King, George",male,20.799894387736984,0,0,68.5169,,C
790,1,3,"Miss. Johnson, Edith",female,2.3861736738661854,0,0,3.0,,S
791,0,3,"Miss. Walker, Lily",female,35.009805921287246,0,0,3.0,,S
792,1,1,"Mr. Young, William",male,29.47460455030957,0,0,31.1037,,S
793,0,2,"Mr. Allen, Robert",male,,0,0,5.0,,S
794,1,1,"Mr. Hall, Albert",male,43.83892331137301,0,0,8.3959,,S
795,0,3,"Miss. Scott, Dorothy",female,,0,0,23.5765,E57,S
796,0,2,"Mr. Hall, Walter",male,22.375132610060614,0,0,12.1201,,S
797,1,2,"Miss. Taylor, Ethel",female,22.518763064022565,0,0,27.9816,,S
798,0,1,"Mr. Williams, Thomas",male,17.242023339267064,0,0,47.3259,,S
799,0,2,"Mrs. Scott, Elizabeth",female,18.144723427496857,0,0,5.0,,S
800,0,3,"Miss. Thomas, Edith",female,23.18132580132601,1,0,6.6138,,S
801,0,3,"Mr. Brown, Robert",male,22.87138069631783,0,0,8.0789,,S
802,1,3,"Mr. Wilson, Frederick",male,20.6350615766624,0,0,9.183,,S
803,1,3,"Mrs. Allen, Annie",female,,0,1,7.212,E57,C
804,1,3,"Miss. Davies, Mary",female,24.096248992789192,1,0,11.4115,,S
805,0,3,"Mr. Jones, Albert",male,18.145013653503785,0,0,3.0,,Q
806,0,3,"Mr. Young, Robert",male,,1,4,8.9938,,S
807,1,2,"Miss. Johnson, Rose",female,45.843585646475596,2,0,5.0,,S
808,0,1,"Mr. Taylor, Henry",male,15.939672677110517,0,0,14.3604,,S
809,0,3,"Mr. Brown, Robert",male,,1,1,7.9751,,C
810,1,1,"Mr. Wilson, Charles",male,31.03049175679162,0,2,17.1435,,S
811,0,2,"Miss. Thomas, Florence",female,44.82772503661915,0,0,5.0,,S
812,0,1,"Mr. Smith, George",male,33.92246293547782,0,0,23.6502,,S
813,0,3,"Mrs. Thomas, Mary",female,33.02639615285731,0,0,4.8424,,S
814,1,2,"Miss. Thomas, Florence",female,45.2684317246448,0,0,53.1787,,S
815,0,3,"Mrs. Harris, Edith",female,48.894930559294494,0,0,3.0,C52,C
816,1,1,"Miss. Young, Lily",female,56.42483121611804,0,0,5.0,,C
817,0,2,"Mr. Martin, Walter",male,25.23389541726429,0,0,30.9366,,S
818,0,3,"Mr. Smith, Albert",male,35.24372005135318,0,0,4.7377,,C
819,1,3,"Mr. Thomas, Robert",male,,1,0,32.659,,S
820,1,2,"Mr. Evans, Albert",male,43.61588510239876,0,0,6.9858,B16,S
821,1,1,"Mr. Lee, John",male,16.934640527683563,0,0,53.196,,S
822,1,3,"Miss. Evans, Edith",female,,1,2,11.8668,,S
823,1,1,"Miss. White, Margaret",female,,0,0,20.0239,,C
824,0,3,"Mr. Smith, Charles",male,21.50127318350966,0,0,33.4942,E1,S
825,1,3,"Mr. Jones, Albert",male,,1,1,9.4799,,S
826,1,1,"Mr. Robinson, Edward",male,1.7299625839999422,0,4,38.5183,,S
827,1,3,"Mrs. Johnson, Margaret",female,20.218633400661925,1,0,3.0,,Q
828,1,3,"Miss. Walker, Mary",female,37.82756162964867,0,0,14.133,,C
829,0,3,"Miss. Lewis, Florence",female,36.68931948769766,0,0,5.674,,S
830,0,3,"Mr. Young, Walter",male,30.12115792262858,1,0,4.9699,,S
831,0,3,"Mr. Evans, Frank",male,40.975911617487306,0,2,3.0,,S
832,1,1,"Miss. Young, Mary",female,,0,2,45.6782,,C
833,0,3,"Mr. Taylor, Robert",male,11.68306222808237,0,0,3.0,E22,S
834,0,2,"Mr. Lewis, Henry",male,40.76629510077464,0,0,56.8455,,S
835,1,2,"Miss. Martin, Lily",female,16.691318658371916,0,4,18.899,,S
836,0,2,"Mr. Smith, George",male,,1,0,19.3022,B16,S
837,1,3,"Miss. Lee, Elizabeth",female,20.513063027156626,0,0,3.3828,,S
838,1,3,"Mr. Taylor, Henry",male,32.39121919310894,2,0,35.0,,C
839,0,3,"Mr. Walker, John",male,35.25561578909714,0,2,9.1015,,S
840,0,3,"Mr. Smith, William",male,26.856341963647033,0,0,3.0,B46,S
841,0,3,"Mr. Lewis, Arthur",male,,1,0,13.5983,C55,C
842,0,1,"Mr. Walker, Henry",male,,0,0,33.1146,,Q
843,0,3,"Mr. Scott, George",male,11.586345091580636,1,0,3.0,,S
844,1,3,"Miss. Davies, Rose",female,13.025366782751226,1,0,9.2509,,Q
845,0,1,"Mr. Lee, Harold",male,1.5214764653030706,1,0,77.0551,,S
846,0,1,"Mr. Taylor, Frederick",male,8.296412327686863,0,0,18.2121,A50,Q
847,0,1,"Mr. Thomas, John",male,28.527392341732483,1,0,5.0,A57,S
848,0,1,"Mr. Walker, Thomas",male,44.03009725982186,0,0,33.873,,S
849,1,2,"Mrs. King, Edith",female,40.18082361770138,0,0,46.3697,,S
850,0,3,"Miss. White, Elizabeth",female,39.1248080160284,0,0,17.8596,,S
851,1,3,"Mr. Evans, Edward",male,9.810830976612788,0,1,3.0,,S
852,1,3,"Miss. Johnson, Ada",female,,0,0,4.7347,E11,S
853,0,2,"Mr. Thomas, Walter",male,57.73137869992516,0,0,5.0,E31,S
854,0,2,"Mr. King, John",male,43.616612433279684,1,4,9.1172,,S
855,0,3,"Mr. Davies, Charles",male,21.745868680027552,0,1,7.7766,B37,C
856,1,1,"Mrs. Brown, Agnes",female,17.79598795602751,4,0,112.6481,,S
857,0,2,"Mr. Young, Thomas",male,14.886579497606867,0,0,23.0448,,S
858,1,3,"Mrs. Martin, Edith",female,45.53747254366482,1,0,6.9709,,S
859,0,3,"Mr. Hall, James",male,16.966151974366557,0,2,5.5607,,S
860,0,3,"Mr. Harris, Robert",male,42.854287158264746,0,4,11.2968,D27,S
861,0,3,"Mr. Lewis, Albert",male,37.27202692818604,0,3,3.0,,S
862,0,1,"Mr. Brown, Albert",male,34.52975726591539,0,0,63.7507,E12,C
863,1,1,"Mrs. Hall, Rose",female,51.11778560275249,0,0,43.9396,,Q
864,0,2,"Mr. Brown, Robert",male,48.25931437397931,0,4,18.6616,,S
865,1,3,"Mrs. Davies, Margaret",female,,0,0,12.6479,D16,Q
866,1,2,"Mrs. King, Mary",female,,0,0,51.8923,,S
867,1,2,"Miss. Wilson, Dorothy",female,,0,0,11.6084,,C
868,1,3,"Miss. Jones, Agnes",female,,0,0,3.0,,S
869,0,3,"Mr. Martin, Charles",male,15.630958298344098,0,0,3.0,,S
870,0,1,"Miss. Harris, Edith",female,,0,0,11.7692,A45,Q
871,1,3,"Mrs. Johnson, Ellen",female,54.657877268846036,0,0,7.7108,,S
872,0,3,"Mr. Brown, Albert",male,24.64970707493478,0,2,12.6877,D6,S
873,0,1,"Mr. Harris, Walter",male,32.31311007178014,0,0,24.7685,,S
874,0,3,"Mr. Brown, Edward",male,33.65341193077552,0,0,3.0,B14,S
875,0,3,"Mr. Smith, Walter",male,36.11452864677312,2,0,3.0,,S
876,1,3,"Mrs. Young, Dorothy",female,16.123326140583377,2,0,7.0011,E45,C
877,0,2,"Mr. Robinson, Arthur",male,17.880137806850705,2,3,5.2332,,S
878,1,1,"Mr. Williams, James",male,16.916052392403806,1,0,45.7751,,Q
879,0,1,"Mr. Allen, Albert",male,41.06425636331692,0,1,14.707,,S
880,0,3,"Mr. Thomas, Charles",male,,0,0,12.3047,D12,C
881,0,3,"Mr. Lee, Frank",male,,1,0,10.4497,,S
882,0,3,"Miss. Wilson, Edith",female,50.12774214819161,0,2,28.0133,,S
883,0,3,"Mr. Walker, Walter",male,31.64976062740084,0,0,22.0117,,S
884,0,3,"Mr. Jones, Frank",male,23.083541078796088,1,1,5.7094,,S
885,0,1,"Mr. Davies, Frederick",male,22.9760522760351,0,3,52.9806,,S
886,1,3,"Mrs. Jones, Lily",female,14.207652207749824,3,0,17.7466,A55,S
887,0,1,"Mr. Lee, Albert",male,40.011442047550055,0,0,7.2899,E38,C
888,0,3,"Mr. King, William",male,21.13593380069113,1,0,16.1252,E11,S
889,1,2,"Mrs. Williams, Edith",female,1.0,0,3,27.9755,C6,S
890,0,3,"Mr. Davies, Henry",male,28.548850937020436,0,0,7.8366,,S
891,0,3,"Miss. Lewis, Ada",female,,1,0,3.0,,Q
